{
    "accuracy": 0.7555555555555555,
    "precision_weighted": 0.7563271604938271,
    "recall_weighted": 0.7555555555555555,
    "f1_weighted": 0.7535521652026507,
    "classification_report": {
        "0": {
            "precision": 0.7638888888888888,
            "recall": 0.6707317073170732,
            "f1-score": 0.7142857142857143,
            "support": 82.0
        },
        "1": {
            "precision": 0.75,
            "recall": 0.826530612244898,
            "f1-score": 0.7864077669902912,
            "support": 98.0
        },
        "accuracy": 0.7555555555555555,
        "macro avg": {
            "precision": 0.7569444444444444,
            "recall": 0.7486311597809856,
            "f1-score": 0.7503467406380028,
            "support": 180.0
        },
        "weighted avg": {
            "precision": 0.7563271604938271,
            "recall": 0.7555555555555555,
            "f1-score": 0.7535521652026507,
            "support": 180.0
        }
    },
    "confusion_matrix": [
        [
            55,
            27
        ],
        [
            17,
            81
        ]
    ]
}